{"mae": 0.7612044645131028, "rmse": 1.772278019771695, "r2": 0.8887722021666489}