{"loss": [0.12197999656200409, 0.02980652265250683, 0.016915148124098778, 0.00975970271974802, 0.006258080247789621, 0.0046106246300041676, 0.003955874592065811, 0.003676695516332984, 0.0035485615953803062, 0.0033757095225155354, 0.003367943922057748, 0.0032624853774905205, 0.003179566701874137, 0.0032023575622588396, 0.0031546710524708033, 0.003111564088612795, 0.003022922668606043, 0.0030765559058636427], "val_loss": [0.0030309301801025867, 0.0028318651020526886, 0.0012252115411683917, 0.000884140667039901, 0.001456328434869647, 0.0006974419229663908, 0.0008215029374696314, 0.0006046877824701369, 0.0005574815440922976, 0.0003514782583806664, 0.0003791596391238272, 0.0010213513160124421, 0.00026939346571452916, 0.00041440094355493784, 0.0007721786387264729, 0.0006324208225123584, 0.00035909388680011034, 0.00027449725894257426]}